name,allyCode
Maath JTM Faselli,637461253
Garrick,585371488
PequeñoPadawan,985613157
Gita,227523555
Viula Dourshe,342742489
GRANJEDI Tito1,724823392
Ben,522319923
Temnyy,946866486
VIRUS,264973279
Kid Danger,837885513
Mik Bat,861756984
Mou topor,299287414
JediSevillano,774372824
R3CO,715639263
Mhann Uhdea,835432121
castortroy,885444487
Kaneris,667229831
Cente,771367346
Last Order,996165918
YEPISTARS,979175733
Blas,276973635
Was,766931712
Linde Forklift,371172439
josmartini,585371488
Cal Kestis,629978971
Dark Iskender,375932863
Remus,162716757
Nakillo,181362821
Nami88,796419292
Mariskal101DA,555458622
Peleas,557222937
Daimon Tlan,876927223
ALEX TANO,155938157
Biobof,348274113
Chinadapowers,386519315
technochurchill,371714953
Yoryino,715772752
Oldboy,351267229
Dace Joy,584966117
Darkguderian,434428673
in flames / Almax,756338725
Tantema RayGarnik,167323714
Dass Jenir,184286541
Bald Dart,558963774
Destroner,524982934
Kairas,798865183
Hill,162461313
JokerVerde,793179493
Céfiro,726289933
Wasnapido SeaWalker,493362915